{
  "total": 5,
  "completed": 5,
  "failed": 0,
  "total_tokens": 0,
  "total_duration": 1247.02743268013,
  "success_rate": 100.0,
  "avg_duration": 249.405486536026
}